[{
 "categoryString": "EXTENSION",
 "dateBuilt": "2019-05-28T07:57:01+0200",
 "nonVisible": "true",
 "iconName": "http://jr.letertre.free.fr/Projets/AIClientSocket/clientsocket.png",
 "methods": [
  {
   "deprecated": "false",
   "name": "Connect",
   "description": "Tries to connect to the server and launches the thread for receiving data (blocking until connected or failed)",
   "params": []
  },
  {
   "deprecated": "false",
   "name": "Disconnect",
   "description": "Disconnect to the server",
   "params": []
  },
  {
   "deprecated": "false",
   "name": "SendData",
   "description": "Send data to the server",
   "params": [{
    "name": "data",
    "type": "text"
   }]
  }
 ],
 "blockProperties": [
  {
   "rw": "read-only",
   "deprecated": "false",
   "name": "ConnectionState",
   "description": "The state of the connection - true = connected, false = disconnected",
   "type": "boolean"
  },
  {
   "rw": "read-write",
   "deprecated": "false",
   "name": "DebugMessages",
   "description": "The display of debug messages.",
   "type": "boolean"
  },
  {
   "rw": "read-write",
   "deprecated": "false",
   "name": "HexaStringMode",
   "description": "The mode of sending and receiving data.",
   "type": "boolean"
  },
  {
   "rw": "read-only",
   "deprecated": "false",
   "name": "SeqNewLine",
   "description": "returns a string containing \"\n\" sequence",
   "type": "text"
  },
  {
   "rw": "read-only",
   "deprecated": "false",
   "name": "SeqNewLineAndRet",
   "description": "returns a string containing \"\n\r\" sequence",
   "type": "text"
  },
  {
   "rw": "read-only",
   "deprecated": "false",
   "name": "SeqRet",
   "description": "returns a string containing \"\r\" sequence",
   "type": "text"
  },
  {
   "rw": "read-only",
   "deprecated": "false",
   "name": "SeqRetAndNewLine",
   "description": "returns a string containing \"\r\n\" sequence",
   "type": "text"
  },
  {
   "rw": "read-write",
   "deprecated": "false",
   "name": "ServerAddress",
   "description": "The address of the server the client will connect to.",
   "type": "text"
  },
  {
   "rw": "read-write",
   "deprecated": "false",
   "name": "ServerPort",
   "description": "The port of the server the client will connect to.",
   "type": "text"
  }
 ],
 "helpUrl": "",
 "type": "com.gmail.at.moicjarod.ClientSocketAI2Ext",
 "androidMinSdk": 7,
 "version": "4",
 "external": "true",
 "showOnPalette": "true",
 "name": "ClientSocketAI2Ext",
 "helpString": "Non-visible component that provides client socket connectivity.",
 "properties": [
  {
   "defaultValue": "True",
   "name": "DebugMessages",
   "editorArgs": [],
   "editorType": "boolean"
  },
  {
   "defaultValue": "",
   "name": "HexaStringMode",
   "editorArgs": [],
   "editorType": "boolean"
  },
  {
   "defaultValue": "",
   "name": "ServerAddress",
   "editorArgs": [],
   "editorType": "string"
  },
  {
   "defaultValue": "",
   "name": "ServerPort",
   "editorArgs": [],
   "editorType": "string"
  }
 ],
 "events": [
  {
   "deprecated": "false",
   "name": "DataReceived",
   "description": "Event indicating that a message has been received",
   "params": [{
    "name": "data",
    "type": "text"
   }]
  },
  {
   "deprecated": "false",
   "name": "RemoteConnectionClosed",
   "description": "Event indicating that the remote socket closed the connection",
   "params": []
  }
 ]
}]